{
  "layouts": [
    {
      "note": {
        "name": "Level2"
      }
    },
    {
      "note": {
        "name": "Level3"
      },
      "layout_by_cell": {
        "@cell_0": {
          "x": 894.8019745196837,
          "y": 606.4146900987259,
          "h": 200
        },
        "@cell_1": {
          "x": 637.2162959321618,
          "y": 537.9550612428822,
          "h": 200
        },
        "@cell_2": {
          "x": 411.84691327680144,
          "y": 482.9188890254393,
          "h": 200
        },
        "@cell_3": {
          "x": 531.3156773585679,
          "y": 342.1172831920036,
          "h": 200
        },
        "@cell_4": {
          "x": 216.00913522592273,
          "y": 445.3332104379173,
          "h": 200
        },
        "@cell_5": {
          "x": 135.46839539551843,
          "y": 580.7654336159927,
          "h": 200
        },
        "@cell_6": {
          "x": 321.90975379951664,
          "y": 646.5403711441563,
          "h": 200
        },
        "@cell_7": {
          "x": 566.0719757486379,
          "y": 686.8107410593585,
          "h": 200
        }
      }
    }
  ]
}