{
  "layouts": [
    {
      "note": {
        "name": "Level2"
      }
    },
    {
      "note": {
        "name": "Level3"
      },
      "layout_by_cell": {
        "@cell_0": {
          "x": 914.9371594772846,
          "y": 755.4150587849737,
          "h": 430.8834541804924
        },
        "@cell_1": {
          "x": 645.270369915202,
          "y": 635.946294703208,
          "h": 344.97333169472785
        },
        "@cell_2": {
          "x": 489.70296177952554,
          "y": 513.7928392937616,
          "h": 322.1534554094461
        },
        "@cell_3": {
          "x": 700.4512310024171,
          "y": 363.5948138134444,
          "h": 314.09938142640607
        },
        "@cell_4": {
          "x": 305.9462947032075,
          "y": 409.0898775142353,
          "h": 332.89222072016713
        },
        "@cell_5": {
          "x": 53.58530990127406,
          "y": 552.5761746753509,
          "h": 394.64012125681046
        },
        "@cell_6": {
          "x": 269.5582729097538,
          "y": 657.2791364548768,
          "h": 370.47789930768914
        },
        "@cell_7": {
          "x": 417.07160706239006,
          "y": 790.1713571750439,
          "h": 358.3967883331285
        }
      }
    }
  ]
}